"Protein","Position","Quantification"
"P60766","Y40",0.40209
"P60766","S88",1.380845
"P60766","T102",-1.995084
"P60766","T125",0.838859
"P63001","T24",3.291043
"P63001","S86",1.361381
"P63001","T108",0.106901
"Q9QYC0","S12",-3.500547
"Q9QYC0","Y153",-1.131039
"Q9QYC0","Y389",-2.446585
"Q9QYC0","Y397",-0.153271
"Q9QYC0","S650",-2.083618
"P97427","S114",-1.752159
"P97427","Y336",2.014084
"P60335","T65",2.174649
"P60335","T107",0.727122
"P60335","T127",0.670965
"Q60520","S65",3.104342
"Q60520","S158",-2.273743
"Q60520","T334",-1.850493
"Q60520","S749",2.443408
"Q60520","T1231",1.606668
"P16054","T565",-0.47848
"P16054","S587",0.826539
"P20357","S42",-0.951884
"P20357","S790",-2.462324
"P20357","T1512",1.436805
"P14873","S828",0.475472
"P14873","S2205",-3.506861
"Q9Z0E0","T472",-2.981629
"Q9Z0E0","S488",-1.538682
"Q9Z0E0","S623",-0.528669
"Q9Z0E0","Y626",0.633609
"P17182","Y25",1.363939
"P17182","Y131",-2.066682
"P17182","S310",3.438947
"P68372","Y183",0.8598
"P68372","T351",3.188841
"P68372","S371",2.499092
"P63038","T163",1.452321
"P63038","T164",2.066209
"P63038","S256",-1.542897
"P63038","S498",-0.225982
"P08551","S38",0.979842
"P08551","S52",-1.815878
"P08551","S250",-0.466798
"P08551","T362",-0.564384
"P08551","S426",1.842045
"P19246","T421",-1.584684
"P19246","T1004",-1.46972
"P08553","S97",-2.105865
"P08553","S324",0.984559
"P08553","S769",-1.307986
"Q61301","T567",-1.550015
"Q61301","Y890",0.665483
"P26645","T79",-0.101632
"P26645","S113",1.635415
"P26645","S122",1.275132
"P26645","S140",-0.842405
"P26645","T307",1.148996
"Q9JLU4","S501",2.782624
"Q9JLU4","S929",0.213109
"Q9JLU4","S1384",0.282925
"Q9JLU4","S1511",2.464444
"Q8CH77","S454",-1.828271
"Q8CH77","T956",-2.126064
"Q8CH77","S1633",-1.387186
"P70232","T251",1.331832
"P70232","S343",-0.607821
"P70232","S404",1.896573
"P70232","S794",0.091365
"Q6PHN9","S36",-1.300282
"Q6PHN9","T64",-2.190693
"Q6PHN9","S75",-0.78217
"Q6PHN9","Y78",0.719142
"Q6PHN9","T165",0.077079
"Q99K48","T88",-1.269201
"Q99K48","S211",-1.119884
"Q99K48","T225",1.08504
"P28652","Y40",2.261963
"P28652","S114",-0.675681
"P28652","S327",-0.61217
"P28652","T417",-3.351713
"Q923T9","S26",-2.566556
"Q923T9","Y231",0.964934
"Q923T9","S319",1.136129
"Q923T9","S352",1.42046
"P11798","T7",1.117113
"P11798","S145",2.720872
"Q6PHZ2","Y87",0.598419
"Q6PHZ2","Y211",-2.1255
"Q6PHZ2","T452",0.828359
"O08917","Y348",1.382939
"O08917","S417",0.229913
"P84078","T44",-0.689193
"P84078","T140",-0.259905
"P84078","Y154",3.020581
"Q8BMS1","S142",-3.893107
"Q8BMS1","S427",-1.742765
"P56480","S23",-1.715803
"P56480","T312",2.310122
"P56480","Y331",1.551363
"Q03265","T48",-2.45681
"Q03265","T272",0.086556
"P58252","T69",-2.675269
"P58252","S793",1.586029
"P62983","T14",-0.889578
"P62983","T66",0.937058
"P62983","S84",1.066913
"P62983","T86",1.813985
"P62983","S134",1.411968
"P17742","T5",2.781037
"P17742","Y79",1.531972
"P17742","T93",-0.106808
"P17742","S153",-0.580916
"P17742","S159",-0.252676
